STRUCTURE,STRUCTURE_ID,STRUCTURE_NAME,ACTION,REF_AREA,Reference area,FREQ,Frequency of observation,COMMODITY,Commodity,MEASURE,Measure,UNIT_MEASURE,Unit of measure,VERSION_ID,Version ID,TIME_PERIOD,Time period,OBS_VALUE,Observation value,OBS_STATUS,Observation status,UNIT_MULT,Unit multiplier,DECIMALS,Decimals,CONVENTION,Agricultural convention
DATAFLOW,OECD.TAD.ATM:DSD_AGR@DF_OUTLOOK_2021_2030(1.0),OECD-FAO Agricultural Outlook 2021-2030,I,ISR,Israel,A,Annual,CPC_0143,Cottonseed,AH,Area harvested,HA,Hectares,AO_2021_2030,Agricultural Outlook 2021-2030,2018,,4.43,,A,Normal value,3,Thousands,2,Two,,
DATAFLOW,OECD.TAD.ATM:DSD_AGR@DF_OUTLOOK_2021_2030(1.0),OECD-FAO Agricultural Outlook 2021-2030,I,ISR,Israel,A,Annual,CPC_0143,Cottonseed,AH,Area harvested,HA,Hectares,AO_2021_2030,Agricultural Outlook 2021-2030,2017,,6.8,,A,Normal value,3,Thousands,2,Two,,
DATAFLOW,OECD.TAD.ATM:DSD_AGR@DF_OUTLOOK_2021_2030(1.0),OECD-FAO Agricultural Outlook 2021-2030,I,ISR,Israel,A,Annual,CPC_0143,Cottonseed,AH,Area harvested,HA,Hectares,AO_2021_2030,Agricultural Outlook 2021-2030,2016,,7.7775,,A,Normal value,3,Thousands,2,Two,,
DATAFLOW,OECD.TAD.ATM:DSD_AGR@DF_OUTLOOK_2021_2030(1.0),OECD-FAO Agricultural Outlook 2021-2030,I,ISR,Israel,A,Annual,CPC_0143,Cottonseed,AH,Area harvested,HA,Hectares,AO_2021_2030,Agricultural Outlook 2021-2030,2015,,9.15,,A,Normal value,3,Thousands,2,Two,,
DATAFLOW,OECD.TAD.ATM:DSD_AGR@DF_OUTLOOK_2021_2030(1.0),OECD-FAO Agricultural Outlook 2021-2030,I,ISR,Israel,A,Annual,CPC_0143,Cottonseed,AH,Area harvested,HA,Hectares,AO_2021_2030,Agricultural Outlook 2021-2030,2014,,6.9,,A,Normal value,3,Thousands,2,Two,,
DATAFLOW,OECD.TAD.ATM:DSD_AGR@DF_OUTLOOK_2021_2030(1.0),OECD-FAO Agricultural Outlook 2021-2030,I,ISR,Israel,A,Annual,CPC_0143,Cottonseed,AH,Area harvested,HA,Hectares,AO_2021_2030,Agricultural Outlook 2021-2030,2013,,6.09,,A,Normal value,3,Thousands,2,Two,,
DATAFLOW,OECD.TAD.ATM:DSD_AGR@DF_OUTLOOK_2021_2030(1.0),OECD-FAO Agricultural Outlook 2021-2030,I,ISR,Israel,A,Annual,CPC_0143,Cottonseed,AH,Area harvested,HA,Hectares,AO_2021_2030,Agricultural Outlook 2021-2030,2012,,8.4,,A,Normal value,3,Thousands,2,Two,,
DATAFLOW,OECD.TAD.ATM:DSD_AGR@DF_OUTLOOK_2021_2030(1.0),OECD-FAO Agricultural Outlook 2021-2030,I,ISR,Israel,A,Annual,CPC_0143,Cottonseed,AH,Area harvested,HA,Hectares,AO_2021_2030,Agricultural Outlook 2021-2030,2011,,8.6,,A,Normal value,3,Thousands,2,Two,,
DATAFLOW,OECD.TAD.ATM:DSD_AGR@DF_OUTLOOK_2021_2030(1.0),OECD-FAO Agricultural Outlook 2021-2030,I,ISR,Israel,A,Annual,CPC_0143,Cottonseed,AH,Area harvested,HA,Hectares,AO_2021_2030,Agricultural Outlook 2021-2030,2010,,3.87,,A,Normal value,3,Thousands,2,Two,,
DATAFLOW,OECD.TAD.ATM:DSD_AGR@DF_OUTLOOK_2021_2030(1.0),OECD-FAO Agricultural Outlook 2021-2030,I,ISR,Israel,A,Annual,CPC_0143,Cottonseed,AH,Area harvested,HA,Hectares,AO_2021_2030,Agricultural Outlook 2021-2030,2030,,4.4422,,A,Normal value,3,Thousands,2,Two,,
DATAFLOW,OECD.TAD.ATM:DSD_AGR@DF_OUTLOOK_2021_2030(1.0),OECD-FAO Agricultural Outlook 2021-2030,I,ISR,Israel,A,Annual,CPC_0143,Cottonseed,AH,Area harvested,HA,Hectares,AO_2021_2030,Agricultural Outlook 2021-2030,2029,,4.4334,,A,Normal value,3,Thousands,2,Two,,
DATAFLOW,OECD.TAD.ATM:DSD_AGR@DF_OUTLOOK_2021_2030(1.0),OECD-FAO Agricultural Outlook 2021-2030,I,ISR,Israel,A,Annual,CPC_0143,Cottonseed,AH,Area harvested,HA,Hectares,AO_2021_2030,Agricultural Outlook 2021-2030,2028,,4.4263,,A,Normal value,3,Thousands,2,Two,,
DATAFLOW,OECD.TAD.ATM:DSD_AGR@DF_OUTLOOK_2021_2030(1.0),OECD-FAO Agricultural Outlook 2021-2030,I,ISR,Israel,A,Annual,CPC_0143,Cottonseed,AH,Area harvested,HA,Hectares,AO_2021_2030,Agricultural Outlook 2021-2030,2027,,4.4227,,A,Normal value,3,Thousands,2,Two,,
DATAFLOW,OECD.TAD.ATM:DSD_AGR@DF_OUTLOOK_2021_2030(1.0),OECD-FAO Agricultural Outlook 2021-2030,I,ISR,Israel,A,Annual,CPC_0143,Cottonseed,AH,Area harvested,HA,Hectares,AO_2021_2030,Agricultural Outlook 2021-2030,2026,,4.4217,,A,Normal value,3,Thousands,2,Two,,
DATAFLOW,OECD.TAD.ATM:DSD_AGR@DF_OUTLOOK_2021_2030(1.0),OECD-FAO Agricultural Outlook 2021-2030,I,ISR,Israel,A,Annual,CPC_0143,Cottonseed,AH,Area harvested,HA,Hectares,AO_2021_2030,Agricultural Outlook 2021-2030,2025,,4.4218,,A,Normal value,3,Thousands,2,Two,,
DATAFLOW,OECD.TAD.ATM:DSD_AGR@DF_OUTLOOK_2021_2030(1.0),OECD-FAO Agricultural Outlook 2021-2030,I,ISR,Israel,A,Annual,CPC_0143,Cottonseed,AH,Area harvested,HA,Hectares,AO_2021_2030,Agricultural Outlook 2021-2030,2024,,4.4199,,A,Normal value,3,Thousands,2,Two,,
DATAFLOW,OECD.TAD.ATM:DSD_AGR@DF_OUTLOOK_2021_2030(1.0),OECD-FAO Agricultural Outlook 2021-2030,I,ISR,Israel,A,Annual,CPC_0143,Cottonseed,AH,Area harvested,HA,Hectares,AO_2021_2030,Agricultural Outlook 2021-2030,2023,,4.4156,,A,Normal value,3,Thousands,2,Two,,
DATAFLOW,OECD.TAD.ATM:DSD_AGR@DF_OUTLOOK_2021_2030(1.0),OECD-FAO Agricultural Outlook 2021-2030,I,ISR,Israel,A,Annual,CPC_0143,Cottonseed,AH,Area harvested,HA,Hectares,AO_2021_2030,Agricultural Outlook 2021-2030,2022,,4.4219,,A,Normal value,3,Thousands,2,Two,,
DATAFLOW,OECD.TAD.ATM:DSD_AGR@DF_OUTLOOK_2021_2030(1.0),OECD-FAO Agricultural Outlook 2021-2030,I,ISR,Israel,A,Annual,CPC_0143,Cottonseed,AH,Area harvested,HA,Hectares,AO_2021_2030,Agricultural Outlook 2021-2030,2021,,4.4285,,A,Normal value,3,Thousands,2,Two,,
DATAFLOW,OECD.TAD.ATM:DSD_AGR@DF_OUTLOOK_2021_2030(1.0),OECD-FAO Agricultural Outlook 2021-2030,I,ISR,Israel,A,Annual,CPC_0143,Cottonseed,AH,Area harvested,HA,Hectares,AO_2021_2030,Agricultural Outlook 2021-2030,2020,,4.43,,A,Normal value,3,Thousands,2,Two,,
DATAFLOW,OECD.TAD.ATM:DSD_AGR@DF_OUTLOOK_2021_2030(1.0),OECD-FAO Agricultural Outlook 2021-2030,I,OECD,OECD,A,Annual,CPC_0111,Wheat,AH,Area harvested,HA,Hectares,AO_2021_2030,Agricultural Outlook 2021-2030,2018,,70807.5224,,A,Normal value,3,Thousands,2,Two,,
DATAFLOW,OECD.TAD.ATM:DSD_AGR@DF_OUTLOOK_2021_2030(1.0),OECD-FAO Agricultural Outlook 2021-2030,I,OECD,OECD,A,Annual,CPC_0111,Wheat,AH,Area harvested,HA,Hectares,AO_2021_2030,Agricultural Outlook 2021-2030,2017,,70172.8494,,A,Normal value,3,Thousands,2,Two,,
DATAFLOW,OECD.TAD.ATM:DSD_AGR@DF_OUTLOOK_2021_2030(1.0),OECD-FAO Agricultural Outlook 2021-2030,I,OECD,OECD,A,Annual,CPC_0111,Wheat,AH,Area harvested,HA,Hectares,AO_2021_2030,Agricultural Outlook 2021-2030,2016,,75031.6002,,A,Normal value,3,Thousands,2,Two,,
DATAFLOW,OECD.TAD.ATM:DSD_AGR@DF_OUTLOOK_2021_2030(1.0),OECD-FAO Agricultural Outlook 2021-2030,I,OECD,OECD,A,Annual,CPC_0111,Wheat,AH,Area harvested,HA,Hectares,AO_2021_2030,Agricultural Outlook 2021-2030,2015,,76209.9514,,A,Normal value,3,Thousands,2,Two,,
DATAFLOW,OECD.TAD.ATM:DSD_AGR@DF_OUTLOOK_2021_2030(1.0),OECD-FAO Agricultural Outlook 2021-2030,I,OECD,OECD,A,Annual,CPC_0111,Wheat,AH,Area harvested,HA,Hectares,AO_2021_2030,Agricultural Outlook 2021-2030,2014,,76815.9899,,A,Normal value,3,Thousands,2,Two,,
DATAFLOW,OECD.TAD.ATM:DSD_AGR@DF_OUTLOOK_2021_2030(1.0),OECD-FAO Agricultural Outlook 2021-2030,I,OECD,OECD,A,Annual,CPC_0111,Wheat,AH,Area harvested,HA,Hectares,AO_2021_2030,Agricultural Outlook 2021-2030,2013,,76330.1193,,A,Normal value,3,Thousands,2,Two,,
DATAFLOW,OECD.TAD.ATM:DSD_AGR@DF_OUTLOOK_2021_2030(1.0),OECD-FAO Agricultural Outlook 2021-2030,I,OECD,OECD,A,Annual,CPC_0111,Wheat,AH,Area harvested,HA,Hectares,AO_2021_2030,Agricultural Outlook 2021-2030,2012,,76939.1083,,A,Normal value,3,Thousands,2,Two,,
DATAFLOW,OECD.TAD.ATM:DSD_AGR@DF_OUTLOOK_2021_2030(1.0),OECD-FAO Agricultural Outlook 2021-2030,I,OECD,OECD,A,Annual,CPC_0111,Wheat,AH,Area harvested,HA,Hectares,AO_2021_2030,Agricultural Outlook 2021-2030,2011,,76672.1868,,A,Normal value,3,Thousands,2,Two,,
DATAFLOW,OECD.TAD.ATM:DSD_AGR@DF_OUTLOOK_2021_2030(1.0),OECD-FAO Agricultural Outlook 2021-2030,I,OECD,OECD,A,Annual,CPC_0111,Wheat,AH,Area harvested,HA,Hectares,AO_2021_2030,Agricultural Outlook 2021-2030,2010,,76666.1838,,A,Normal value,3,Thousands,2,Two,,
DATAFLOW,OECD.TAD.ATM:DSD_AGR@DF_OUTLOOK_2021_2030(1.0),OECD-FAO Agricultural Outlook 2021-2030,I,OECD,OECD,A,Annual,CPC_0111,Wheat,AH,Area harvested,HA,Hectares,AO_2021_2030,Agricultural Outlook 2021-2030,2030,,70906.6844,,A,Normal value,3,Thousands,2,Two,,
DATAFLOW,OECD.TAD.ATM:DSD_AGR@DF_OUTLOOK_2021_2030(1.0),OECD-FAO Agricultural Outlook 2021-2030,I,OECD,OECD,A,Annual,CPC_0111,Wheat,AH,Area harvested,HA,Hectares,AO_2021_2030,Agricultural Outlook 2021-2030,2029,,71014.5282,,A,Normal value,3,Thousands,2,Two,,
DATAFLOW,OECD.TAD.ATM:DSD_AGR@DF_OUTLOOK_2021_2030(1.0),OECD-FAO Agricultural Outlook 2021-2030,I,OECD,OECD,A,Annual,CPC_0111,Wheat,AH,Area harvested,HA,Hectares,AO_2021_2030,Agricultural Outlook 2021-2030,2028,,71070.4418,,A,Normal value,3,Thousands,2,Two,,
DATAFLOW,OECD.TAD.ATM:DSD_AGR@DF_OUTLOOK_2021_2030(1.0),OECD-FAO Agricultural Outlook 2021-2030,I,OECD,OECD,A,Annual,CPC_0111,Wheat,AH,Area harvested,HA,Hectares,AO_2021_2030,Agricultural Outlook 2021-2030,2027,,71278.7074,,A,Normal value,3,Thousands,2,Two,,
DATAFLOW,OECD.TAD.ATM:DSD_AGR@DF_OUTLOOK_2021_2030(1.0),OECD-FAO Agricultural Outlook 2021-2030,I,OECD,OECD,A,Annual,CPC_0111,Wheat,AH,Area harvested,HA,Hectares,AO_2021_2030,Agricultural Outlook 2021-2030,2026,,71361.765,,A,Normal value,3,Thousands,2,Two,,
DATAFLOW,OECD.TAD.ATM:DSD_AGR@DF_OUTLOOK_2021_2030(1.0),OECD-FAO Agricultural Outlook 2021-2030,I,OECD,OECD,A,Annual,CPC_0111,Wheat,AH,Area harvested,HA,Hectares,AO_2021_2030,Agricultural Outlook 2021-2030,2025,,71427.0718,,A,Normal value,3,Thousands,2,Two,,
DATAFLOW,OECD.TAD.ATM:DSD_AGR@DF_OUTLOOK_2021_2030(1.0),OECD-FAO Agricultural Outlook 2021-2030,I,OECD,OECD,A,Annual,CPC_0111,Wheat,AH,Area harvested,HA,Hectares,AO_2021_2030,Agricultural Outlook 2021-2030,2024,,71682.058,,A,Normal value,3,Thousands,2,Two,,
DATAFLOW,OECD.TAD.ATM:DSD_AGR@DF_OUTLOOK_2021_2030(1.0),OECD-FAO Agricultural Outlook 2021-2030,I,OECD,OECD,A,Annual,CPC_0111,Wheat,AH,Area harvested,HA,Hectares,AO_2021_2030,Agricultural Outlook 2021-2030,2023,,71635.9162,,A,Normal value,3,Thousands,2,Two,,
DATAFLOW,OECD.TAD.ATM:DSD_AGR@DF_OUTLOOK_2021_2030(1.0),OECD-FAO Agricultural Outlook 2021-2030,I,OECD,OECD,A,Annual,CPC_0111,Wheat,AH,Area harvested,HA,Hectares,AO_2021_2030,Agricultural Outlook 2021-2030,2022,,71670.1695,,A,Normal value,3,Thousands,2,Two,,
DATAFLOW,OECD.TAD.ATM:DSD_AGR@DF_OUTLOOK_2021_2030(1.0),OECD-FAO Agricultural Outlook 2021-2030,I,OECD,OECD,A,Annual,CPC_0111,Wheat,AH,Area harvested,HA,Hectares,AO_2021_2030,Agricultural Outlook 2021-2030,2021,,71938.2379,,A,Normal value,3,Thousands,2,Two,,
DATAFLOW,OECD.TAD.ATM:DSD_AGR@DF_OUTLOOK_2021_2030(1.0),OECD-FAO Agricultural Outlook 2021-2030,I,OECD,OECD,A,Annual,CPC_0111,Wheat,AH,Area harvested,HA,Hectares,AO_2021_2030,Agricultural Outlook 2021-2030,2020,,71277.2977,,A,Normal value,3,Thousands,2,Two,,
DATAFLOW,OECD.TAD.ATM:DSD_AGR@DF_OUTLOOK_2021_2030(1.0),OECD-FAO Agricultural Outlook 2021-2030,I,ISR,Israel,A,Annual,CPC_0111,Wheat,AH,Area harvested,HA,Hectares,AO_2021_2030,Agricultural Outlook 2021-2030,2018,,40,,A,Normal value,3,Thousands,2,Two,,
DATAFLOW,OECD.TAD.ATM:DSD_AGR@DF_OUTLOOK_2021_2030(1.0),OECD-FAO Agricultural Outlook 2021-2030,I,ISR,Israel,A,Annual,CPC_0111,Wheat,AH,Area harvested,HA,Hectares,AO_2021_2030,Agricultural Outlook 2021-2030,2017,,40,,A,Normal value,3,Thousands,2,Two,,
DATAFLOW,OECD.TAD.ATM:DSD_AGR@DF_OUTLOOK_2021_2030(1.0),OECD-FAO Agricultural Outlook 2021-2030,I,ISR,Israel,A,Annual,CPC_0111,Wheat,AH,Area harvested,HA,Hectares,AO_2021_2030,Agricultural Outlook 2021-2030,2016,,43.7,,A,Normal value,3,Thousands,2,Two,,
DATAFLOW,OECD.TAD.ATM:DSD_AGR@DF_OUTLOOK_2021_2030(1.0),OECD-FAO Agricultural Outlook 2021-2030,I,ISR,Israel,A,Annual,CPC_0111,Wheat,AH,Area harvested,HA,Hectares,AO_2021_2030,Agricultural Outlook 2021-2030,2015,,50.8,,A,Normal value,3,Thousands,2,Two,,
DATAFLOW,OECD.TAD.ATM:DSD_AGR@DF_OUTLOOK_2021_2030(1.0),OECD-FAO Agricultural Outlook 2021-2030,I,ISR,Israel,A,Annual,CPC_0111,Wheat,AH,Area harvested,HA,Hectares,AO_2021_2030,Agricultural Outlook 2021-2030,2014,,61.6,,A,Normal value,3,Thousands,2,Two,,
DATAFLOW,OECD.TAD.ATM:DSD_AGR@DF_OUTLOOK_2021_2030(1.0),OECD-FAO Agricultural Outlook 2021-2030,I,ISR,Israel,A,Annual,CPC_0111,Wheat,AH,Area harvested,HA,Hectares,AO_2021_2030,Agricultural Outlook 2021-2030,2013,,64,,A,Normal value,3,Thousands,2,Two,,
DATAFLOW,OECD.TAD.ATM:DSD_AGR@DF_OUTLOOK_2021_2030(1.0),OECD-FAO Agricultural Outlook 2021-2030,I,ISR,Israel,A,Annual,CPC_0111,Wheat,AH,Area harvested,HA,Hectares,AO_2021_2030,Agricultural Outlook 2021-2030,2012,,68.1,,A,Normal value,3,Thousands,2,Two,,
DATAFLOW,OECD.TAD.ATM:DSD_AGR@DF_OUTLOOK_2021_2030(1.0),OECD-FAO Agricultural Outlook 2021-2030,I,ISR,Israel,A,Annual,CPC_0111,Wheat,AH,Area harvested,HA,Hectares,AO_2021_2030,Agricultural Outlook 2021-2030,2011,,60.6,,A,Normal value,3,Thousands,2,Two,,
DATAFLOW,OECD.TAD.ATM:DSD_AGR@DF_OUTLOOK_2021_2030(1.0),OECD-FAO Agricultural Outlook 2021-2030,I,ISR,Israel,A,Annual,CPC_0111,Wheat,AH,Area harvested,HA,Hectares,AO_2021_2030,Agricultural Outlook 2021-2030,2010,,64.1,,A,Normal value,3,Thousands,2,Two,,
DATAFLOW,OECD.TAD.ATM:DSD_AGR@DF_OUTLOOK_2021_2030(1.0),OECD-FAO Agricultural Outlook 2021-2030,I,ISR,Israel,A,Annual,CPC_0111,Wheat,AH,Area harvested,HA,Hectares,AO_2021_2030,Agricultural Outlook 2021-2030,2030,,39.9144,,A,Normal value,3,Thousands,2,Two,,
DATAFLOW,OECD.TAD.ATM:DSD_AGR@DF_OUTLOOK_2021_2030(1.0),OECD-FAO Agricultural Outlook 2021-2030,I,ISR,Israel,A,Annual,CPC_0111,Wheat,AH,Area harvested,HA,Hectares,AO_2021_2030,Agricultural Outlook 2021-2030,2029,,39.9223,,A,Normal value,3,Thousands,2,Two,,
DATAFLOW,OECD.TAD.ATM:DSD_AGR@DF_OUTLOOK_2021_2030(1.0),OECD-FAO Agricultural Outlook 2021-2030,I,ISR,Israel,A,Annual,CPC_0111,Wheat,AH,Area harvested,HA,Hectares,AO_2021_2030,Agricultural Outlook 2021-2030,2028,,39.9329,,A,Normal value,3,Thousands,2,Two,,
DATAFLOW,OECD.TAD.ATM:DSD_AGR@DF_OUTLOOK_2021_2030(1.0),OECD-FAO Agricultural Outlook 2021-2030,I,ISR,Israel,A,Annual,CPC_0111,Wheat,AH,Area harvested,HA,Hectares,AO_2021_2030,Agricultural Outlook 2021-2030,2027,,39.9471,,A,Normal value,3,Thousands,2,Two,,
DATAFLOW,OECD.TAD.ATM:DSD_AGR@DF_OUTLOOK_2021_2030(1.0),OECD-FAO Agricultural Outlook 2021-2030,I,ISR,Israel,A,Annual,CPC_0111,Wheat,AH,Area harvested,HA,Hectares,AO_2021_2030,Agricultural Outlook 2021-2030,2026,,39.9644,,A,Normal value,3,Thousands,2,Two,,
DATAFLOW,OECD.TAD.ATM:DSD_AGR@DF_OUTLOOK_2021_2030(1.0),OECD-FAO Agricultural Outlook 2021-2030,I,ISR,Israel,A,Annual,CPC_0111,Wheat,AH,Area harvested,HA,Hectares,AO_2021_2030,Agricultural Outlook 2021-2030,2025,,40.0439,,A,Normal value,3,Thousands,2,Two,,
DATAFLOW,OECD.TAD.ATM:DSD_AGR@DF_OUTLOOK_2021_2030(1.0),OECD-FAO Agricultural Outlook 2021-2030,I,ISR,Israel,A,Annual,CPC_0111,Wheat,AH,Area harvested,HA,Hectares,AO_2021_2030,Agricultural Outlook 2021-2030,2024,,40.1153,,A,Normal value,3,Thousands,2,Two,,
DATAFLOW,OECD.TAD.ATM:DSD_AGR@DF_OUTLOOK_2021_2030(1.0),OECD-FAO Agricultural Outlook 2021-2030,I,ISR,Israel,A,Annual,CPC_0111,Wheat,AH,Area harvested,HA,Hectares,AO_2021_2030,Agricultural Outlook 2021-2030,2023,,40.0845,,A,Normal value,3,Thousands,2,Two,,
DATAFLOW,OECD.TAD.ATM:DSD_AGR@DF_OUTLOOK_2021_2030(1.0),OECD-FAO Agricultural Outlook 2021-2030,I,ISR,Israel,A,Annual,CPC_0111,Wheat,AH,Area harvested,HA,Hectares,AO_2021_2030,Agricultural Outlook 2021-2030,2022,,40.2024,,A,Normal value,3,Thousands,2,Two,,
DATAFLOW,OECD.TAD.ATM:DSD_AGR@DF_OUTLOOK_2021_2030(1.0),OECD-FAO Agricultural Outlook 2021-2030,I,ISR,Israel,A,Annual,CPC_0111,Wheat,AH,Area harvested,HA,Hectares,AO_2021_2030,Agricultural Outlook 2021-2030,2021,,40.0988,,A,Normal value,3,Thousands,2,Two,,
DATAFLOW,OECD.TAD.ATM:DSD_AGR@DF_OUTLOOK_2021_2030(1.0),OECD-FAO Agricultural Outlook 2021-2030,I,ISR,Israel,A,Annual,CPC_0111,Wheat,AH,Area harvested,HA,Hectares,AO_2021_2030,Agricultural Outlook 2021-2030,2020,,40,,A,Normal value,3,Thousands,2,Two,,
DATAFLOW,OECD.TAD.ATM:DSD_AGR@DF_OUTLOOK_2021_2030(1.0),OECD-FAO Agricultural Outlook 2021-2030,I,ISR,Israel,A,Annual,CPC_0151T0155,Roots and tubers,AH,Area harvested,HA,Hectares,AO_2021_2030,Agricultural Outlook 2021-2030,2018,,17.304,,A,Normal value,3,Thousands,2,Two,,
DATAFLOW,OECD.TAD.ATM:DSD_AGR@DF_OUTLOOK_2021_2030(1.0),OECD-FAO Agricultural Outlook 2021-2030,I,ISR,Israel,A,Annual,CPC_0151T0155,Roots and tubers,AH,Area harvested,HA,Hectares,AO_2021_2030,Agricultural Outlook 2021-2030,2017,,17.277,,A,Normal value,3,Thousands,2,Two,,
DATAFLOW,OECD.TAD.ATM:DSD_AGR@DF_OUTLOOK_2021_2030(1.0),OECD-FAO Agricultural Outlook 2021-2030,I,ISR,Israel,A,Annual,CPC_0151T0155,Roots and tubers,AH,Area harvested,HA,Hectares,AO_2021_2030,Agricultural Outlook 2021-2030,2016,,19.725,,A,Normal value,3,Thousands,2,Two,,
DATAFLOW,OECD.TAD.ATM:DSD_AGR@DF_OUTLOOK_2021_2030(1.0),OECD-FAO Agricultural Outlook 2021-2030,I,ISR,Israel,A,Annual,CPC_0151T0155,Roots and tubers,AH,Area harvested,HA,Hectares,AO_2021_2030,Agricultural Outlook 2021-2030,2015,,20.111,,A,Normal value,3,Thousands,2,Two,,
DATAFLOW,OECD.TAD.ATM:DSD_AGR@DF_OUTLOOK_2021_2030(1.0),OECD-FAO Agricultural Outlook 2021-2030,I,ISR,Israel,A,Annual,CPC_0151T0155,Roots and tubers,AH,Area harvested,HA,Hectares,AO_2021_2030,Agricultural Outlook 2021-2030,2014,,20.021,,A,Normal value,3,Thousands,2,Two,,
DATAFLOW,OECD.TAD.ATM:DSD_AGR@DF_OUTLOOK_2021_2030(1.0),OECD-FAO Agricultural Outlook 2021-2030,I,ISR,Israel,A,Annual,CPC_0151T0155,Roots and tubers,AH,Area harvested,HA,Hectares,AO_2021_2030,Agricultural Outlook 2021-2030,2013,,19.637,,A,Normal value,3,Thousands,2,Two,,
DATAFLOW,OECD.TAD.ATM:DSD_AGR@DF_OUTLOOK_2021_2030(1.0),OECD-FAO Agricultural Outlook 2021-2030,I,ISR,Israel,A,Annual,CPC_0151T0155,Roots and tubers,AH,Area harvested,HA,Hectares,AO_2021_2030,Agricultural Outlook 2021-2030,2012,,17.971,,A,Normal value,3,Thousands,2,Two,,
DATAFLOW,OECD.TAD.ATM:DSD_AGR@DF_OUTLOOK_2021_2030(1.0),OECD-FAO Agricultural Outlook 2021-2030,I,ISR,Israel,A,Annual,CPC_0151T0155,Roots and tubers,AH,Area harvested,HA,Hectares,AO_2021_2030,Agricultural Outlook 2021-2030,2011,,19.394,,A,Normal value,3,Thousands,2,Two,,
DATAFLOW,OECD.TAD.ATM:DSD_AGR@DF_OUTLOOK_2021_2030(1.0),OECD-FAO Agricultural Outlook 2021-2030,I,ISR,Israel,A,Annual,CPC_0151T0155,Roots and tubers,AH,Area harvested,HA,Hectares,AO_2021_2030,Agricultural Outlook 2021-2030,2010,,16.958,,A,Normal value,3,Thousands,2,Two,,
DATAFLOW,OECD.TAD.ATM:DSD_AGR@DF_OUTLOOK_2021_2030(1.0),OECD-FAO Agricultural Outlook 2021-2030,I,ISR,Israel,A,Annual,CPC_0151T0155,Roots and tubers,AH,Area harvested,HA,Hectares,AO_2021_2030,Agricultural Outlook 2021-2030,2030,,16.5607,,A,Normal value,3,Thousands,2,Two,,
DATAFLOW,OECD.TAD.ATM:DSD_AGR@DF_OUTLOOK_2021_2030(1.0),OECD-FAO Agricultural Outlook 2021-2030,I,ISR,Israel,A,Annual,CPC_0151T0155,Roots and tubers,AH,Area harvested,HA,Hectares,AO_2021_2030,Agricultural Outlook 2021-2030,2029,,16.5526,,A,Normal value,3,Thousands,2,Two,,
DATAFLOW,OECD.TAD.ATM:DSD_AGR@DF_OUTLOOK_2021_2030(1.0),OECD-FAO Agricultural Outlook 2021-2030,I,ISR,Israel,A,Annual,CPC_0151T0155,Roots and tubers,AH,Area harvested,HA,Hectares,AO_2021_2030,Agricultural Outlook 2021-2030,2028,,16.5457,,A,Normal value,3,Thousands,2,Two,,
DATAFLOW,OECD.TAD.ATM:DSD_AGR@DF_OUTLOOK_2021_2030(1.0),OECD-FAO Agricultural Outlook 2021-2030,I,ISR,Israel,A,Annual,CPC_0151T0155,Roots and tubers,AH,Area harvested,HA,Hectares,AO_2021_2030,Agricultural Outlook 2021-2030,2027,,16.5383,,A,Normal value,3,Thousands,2,Two,,
DATAFLOW,OECD.TAD.ATM:DSD_AGR@DF_OUTLOOK_2021_2030(1.0),OECD-FAO Agricultural Outlook 2021-2030,I,ISR,Israel,A,Annual,CPC_0151T0155,Roots and tubers,AH,Area harvested,HA,Hectares,AO_2021_2030,Agricultural Outlook 2021-2030,2026,,16.5323,,A,Normal value,3,Thousands,2,Two,,
DATAFLOW,OECD.TAD.ATM:DSD_AGR@DF_OUTLOOK_2021_2030(1.0),OECD-FAO Agricultural Outlook 2021-2030,I,ISR,Israel,A,Annual,CPC_0151T0155,Roots and tubers,AH,Area harvested,HA,Hectares,AO_2021_2030,Agricultural Outlook 2021-2030,2025,,16.5237,,A,Normal value,3,Thousands,2,Two,,
DATAFLOW,OECD.TAD.ATM:DSD_AGR@DF_OUTLOOK_2021_2030(1.0),OECD-FAO Agricultural Outlook 2021-2030,I,ISR,Israel,A,Annual,CPC_0151T0155,Roots and tubers,AH,Area harvested,HA,Hectares,AO_2021_2030,Agricultural Outlook 2021-2030,2024,,16.5145,,A,Normal value,3,Thousands,2,Two,,
DATAFLOW,OECD.TAD.ATM:DSD_AGR@DF_OUTLOOK_2021_2030(1.0),OECD-FAO Agricultural Outlook 2021-2030,I,ISR,Israel,A,Annual,CPC_0151T0155,Roots and tubers,AH,Area harvested,HA,Hectares,AO_2021_2030,Agricultural Outlook 2021-2030,2023,,16.5053,,A,Normal value,3,Thousands,2,Two,,
DATAFLOW,OECD.TAD.ATM:DSD_AGR@DF_OUTLOOK_2021_2030(1.0),OECD-FAO Agricultural Outlook 2021-2030,I,ISR,Israel,A,Annual,CPC_0151T0155,Roots and tubers,AH,Area harvested,HA,Hectares,AO_2021_2030,Agricultural Outlook 2021-2030,2022,,16.4924,,A,Normal value,3,Thousands,2,Two,,
DATAFLOW,OECD.TAD.ATM:DSD_AGR@DF_OUTLOOK_2021_2030(1.0),OECD-FAO Agricultural Outlook 2021-2030,I,ISR,Israel,A,Annual,CPC_0151T0155,Roots and tubers,AH,Area harvested,HA,Hectares,AO_2021_2030,Agricultural Outlook 2021-2030,2021,,16.4824,,A,Normal value,3,Thousands,2,Two,,
DATAFLOW,OECD.TAD.ATM:DSD_AGR@DF_OUTLOOK_2021_2030(1.0),OECD-FAO Agricultural Outlook 2021-2030,I,ISR,Israel,A,Annual,CPC_0151T0155,Roots and tubers,AH,Area harvested,HA,Hectares,AO_2021_2030,Agricultural Outlook 2021-2030,2020,,16.499,,A,Normal value,3,Thousands,2,Two,,
DATAFLOW,OECD.TAD.ATM:DSD_AGR@DF_OUTLOOK_2021_2030(1.0),OECD-FAO Agricultural Outlook 2021-2030,I,OECD,OECD,A,Annual,CPC_0143,Cottonseed,AH,Area harvested,HA,Hectares,AO_2021_2030,Agricultural Outlook 2021-2030,2018,,5587.2237,,A,Normal value,3,Thousands,2,Two,,
DATAFLOW,OECD.TAD.ATM:DSD_AGR@DF_OUTLOOK_2021_2030(1.0),OECD-FAO Agricultural Outlook 2021-2030,I,OECD,OECD,A,Annual,CPC_0143,Cottonseed,AH,Area harvested,HA,Hectares,AO_2021_2030,Agricultural Outlook 2021-2030,2017,,6039.0963,,A,Normal value,3,Thousands,2,Two,,
DATAFLOW,OECD.TAD.ATM:DSD_AGR@DF_OUTLOOK_2021_2030(1.0),OECD-FAO Agricultural Outlook 2021-2030,I,OECD,OECD,A,Annual,CPC_0143,Cottonseed,AH,Area harvested,HA,Hectares,AO_2021_2030,Agricultural Outlook 2021-2030,2016,,5278.4752,,A,Normal value,3,Thousands,2,Two,,
DATAFLOW,OECD.TAD.ATM:DSD_AGR@DF_OUTLOOK_2021_2030(1.0),OECD-FAO Agricultural Outlook 2021-2030,I,OECD,OECD,A,Annual,CPC_0143,Cottonseed,AH,Area harvested,HA,Hectares,AO_2021_2030,Agricultural Outlook 2021-2030,2015,,4461.1971,,A,Normal value,3,Thousands,2,Two,,
DATAFLOW,OECD.TAD.ATM:DSD_AGR@DF_OUTLOOK_2021_2030(1.0),OECD-FAO Agricultural Outlook 2021-2030,I,OECD,OECD,A,Annual,CPC_0143,Cottonseed,AH,Area harvested,HA,Hectares,AO_2021_2030,Agricultural Outlook 2021-2030,2014,,5002.0224,,A,Normal value,3,Thousands,2,Two,,
DATAFLOW,OECD.TAD.ATM:DSD_AGR@DF_OUTLOOK_2021_2030(1.0),OECD-FAO Agricultural Outlook 2021-2030,I,OECD,OECD,A,Annual,CPC_0143,Cottonseed,AH,Area harvested,HA,Hectares,AO_2021_2030,Agricultural Outlook 2021-2030,2013,,4448.565,,A,Normal value,3,Thousands,2,Two,,
DATAFLOW,OECD.TAD.ATM:DSD_AGR@DF_OUTLOOK_2021_2030(1.0),OECD-FAO Agricultural Outlook 2021-2030,I,OECD,OECD,A,Annual,CPC_0143,Cottonseed,AH,Area harvested,HA,Hectares,AO_2021_2030,Agricultural Outlook 2021-2030,2012,,5310.8276,,A,Normal value,3,Thousands,2,Two,,
DATAFLOW,OECD.TAD.ATM:DSD_AGR@DF_OUTLOOK_2021_2030(1.0),OECD-FAO Agricultural Outlook 2021-2030,I,OECD,OECD,A,Annual,CPC_0143,Cottonseed,AH,Area harvested,HA,Hectares,AO_2021_2030,Agricultural Outlook 2021-2030,2011,,5549.4103,,A,Normal value,3,Thousands,2,Two,,
DATAFLOW,OECD.TAD.ATM:DSD_AGR@DF_OUTLOOK_2021_2030(1.0),OECD-FAO Agricultural Outlook 2021-2030,I,OECD,OECD,A,Annual,CPC_0143,Cottonseed,AH,Area harvested,HA,Hectares,AO_2021_2030,Agricultural Outlook 2021-2030,2010,,5845.6014,,A,Normal value,3,Thousands,2,Two,,
DATAFLOW,OECD.TAD.ATM:DSD_AGR@DF_OUTLOOK_2021_2030(1.0),OECD-FAO Agricultural Outlook 2021-2030,I,OECD,OECD,A,Annual,CPC_0143,Cottonseed,AH,Area harvested,HA,Hectares,AO_2021_2030,Agricultural Outlook 2021-2030,2030,,5420.7765,,A,Normal value,3,Thousands,2,Two,,
DATAFLOW,OECD.TAD.ATM:DSD_AGR@DF_OUTLOOK_2021_2030(1.0),OECD-FAO Agricultural Outlook 2021-2030,I,OECD,OECD,A,Annual,CPC_0143,Cottonseed,AH,Area harvested,HA,Hectares,AO_2021_2030,Agricultural Outlook 2021-2030,2029,,5411.1416,,A,Normal value,3,Thousands,2,Two,,
DATAFLOW,OECD.TAD.ATM:DSD_AGR@DF_OUTLOOK_2021_2030(1.0),OECD-FAO Agricultural Outlook 2021-2030,I,OECD,OECD,A,Annual,CPC_0143,Cottonseed,AH,Area harvested,HA,Hectares,AO_2021_2030,Agricultural Outlook 2021-2030,2028,,5407.0905,,A,Normal value,3,Thousands,2,Two,,
DATAFLOW,OECD.TAD.ATM:DSD_AGR@DF_OUTLOOK_2021_2030(1.0),OECD-FAO Agricultural Outlook 2021-2030,I,OECD,OECD,A,Annual,CPC_0143,Cottonseed,AH,Area harvested,HA,Hectares,AO_2021_2030,Agricultural Outlook 2021-2030,2027,,5405.6047,,A,Normal value,3,Thousands,2,Two,,
DATAFLOW,OECD.TAD.ATM:DSD_AGR@DF_OUTLOOK_2021_2030(1.0),OECD-FAO Agricultural Outlook 2021-2030,I,OECD,OECD,A,Annual,CPC_0143,Cottonseed,AH,Area harvested,HA,Hectares,AO_2021_2030,Agricultural Outlook 2021-2030,2026,,5405.1127,,A,Normal value,3,Thousands,2,Two,,
DATAFLOW,OECD.TAD.ATM:DSD_AGR@DF_OUTLOOK_2021_2030(1.0),OECD-FAO Agricultural Outlook 2021-2030,I,OECD,OECD,A,Annual,CPC_0143,Cottonseed,AH,Area harvested,HA,Hectares,AO_2021_2030,Agricultural Outlook 2021-2030,2025,,5347.8316,,A,Normal value,3,Thousands,2,Two,,
DATAFLOW,OECD.TAD.ATM:DSD_AGR@DF_OUTLOOK_2021_2030(1.0),OECD-FAO Agricultural Outlook 2021-2030,I,OECD,OECD,A,Annual,CPC_0143,Cottonseed,AH,Area harvested,HA,Hectares,AO_2021_2030,Agricultural Outlook 2021-2030,2024,,5291.4993,,A,Normal value,3,Thousands,2,Two,,
DATAFLOW,OECD.TAD.ATM:DSD_AGR@DF_OUTLOOK_2021_2030(1.0),OECD-FAO Agricultural Outlook 2021-2030,I,OECD,OECD,A,Annual,CPC_0143,Cottonseed,AH,Area harvested,HA,Hectares,AO_2021_2030,Agricultural Outlook 2021-2030,2023,,5186.853,,A,Normal value,3,Thousands,2,Two,,
DATAFLOW,OECD.TAD.ATM:DSD_AGR@DF_OUTLOOK_2021_2030(1.0),OECD-FAO Agricultural Outlook 2021-2030,I,OECD,OECD,A,Annual,CPC_0143,Cottonseed,AH,Area harvested,HA,Hectares,AO_2021_2030,Agricultural Outlook 2021-2030,2022,,5193.3616,,A,Normal value,3,Thousands,2,Two,,
DATAFLOW,OECD.TAD.ATM:DSD_AGR@DF_OUTLOOK_2021_2030(1.0),OECD-FAO Agricultural Outlook 2021-2030,I,OECD,OECD,A,Annual,CPC_0143,Cottonseed,AH,Area harvested,HA,Hectares,AO_2021_2030,Agricultural Outlook 2021-2030,2021,,5195.4103,,A,Normal value,3,Thousands,2,Two,,
DATAFLOW,OECD.TAD.ATM:DSD_AGR@DF_OUTLOOK_2021_2030(1.0),OECD-FAO Agricultural Outlook 2021-2030,I,OECD,OECD,A,Annual,CPC_0143,Cottonseed,AH,Area harvested,HA,Hectares,AO_2021_2030,Agricultural Outlook 2021-2030,2020,,4699.5803,,A,Normal value,3,Thousands,2,Two,,
DATAFLOW,OECD.TAD.ATM:DSD_AGR@DF_OUTLOOK_2021_2030(1.0),OECD-FAO Agricultural Outlook 2021-2030,I,OECD,OECD,A,Annual,CPC_0151T0155,Roots and tubers,AH,Area harvested,HA,Hectares,AO_2021_2030,Agricultural Outlook 2021-2030,2018,,3239.6577,,A,Normal value,3,Thousands,2,Two,,
DATAFLOW,OECD.TAD.ATM:DSD_AGR@DF_OUTLOOK_2021_2030(1.0),OECD-FAO Agricultural Outlook 2021-2030,I,OECD,OECD,A,Annual,CPC_0151T0155,Roots and tubers,AH,Area harvested,HA,Hectares,AO_2021_2030,Agricultural Outlook 2021-2030,2017,,3345.3403,,A,Normal value,3,Thousands,2,Two,,
DATAFLOW,OECD.TAD.ATM:DSD_AGR@DF_OUTLOOK_2021_2030(1.0),OECD-FAO Agricultural Outlook 2021-2030,I,OECD,OECD,A,Annual,CPC_0151T0155,Roots and tubers,AH,Area harvested,HA,Hectares,AO_2021_2030,Agricultural Outlook 2021-2030,2016,,3287.5022,,A,Normal value,3,Thousands,2,Two,,
DATAFLOW,OECD.TAD.ATM:DSD_AGR@DF_OUTLOOK_2021_2030(1.0),OECD-FAO Agricultural Outlook 2021-2030,I,OECD,OECD,A,Annual,CPC_0151T0155,Roots and tubers,AH,Area harvested,HA,Hectares,AO_2021_2030,Agricultural Outlook 2021-2030,2015,,3245.9563,,A,Normal value,3,Thousands,2,Two,,
DATAFLOW,OECD.TAD.ATM:DSD_AGR@DF_OUTLOOK_2021_2030(1.0),OECD-FAO Agricultural Outlook 2021-2030,I,OECD,OECD,A,Annual,CPC_0151T0155,Roots and tubers,AH,Area harvested,HA,Hectares,AO_2021_2030,Agricultural Outlook 2021-2030,2014,,3148.4483,,A,Normal value,3,Thousands,2,Two,,
DATAFLOW,OECD.TAD.ATM:DSD_AGR@DF_OUTLOOK_2021_2030(1.0),OECD-FAO Agricultural Outlook 2021-2030,I,OECD,OECD,A,Annual,CPC_0151T0155,Roots and tubers,AH,Area harvested,HA,Hectares,AO_2021_2030,Agricultural Outlook 2021-2030,2013,,3294.9274,,A,Normal value,3,Thousands,2,Two,,
DATAFLOW,OECD.TAD.ATM:DSD_AGR@DF_OUTLOOK_2021_2030(1.0),OECD-FAO Agricultural Outlook 2021-2030,I,OECD,OECD,A,Annual,CPC_0151T0155,Roots and tubers,AH,Area harvested,HA,Hectares,AO_2021_2030,Agricultural Outlook 2021-2030,2012,,3409.083,,A,Normal value,3,Thousands,2,Two,,
DATAFLOW,OECD.TAD.ATM:DSD_AGR@DF_OUTLOOK_2021_2030(1.0),OECD-FAO Agricultural Outlook 2021-2030,I,OECD,OECD,A,Annual,CPC_0151T0155,Roots and tubers,AH,Area harvested,HA,Hectares,AO_2021_2030,Agricultural Outlook 2021-2030,2011,,3412.2328,,A,Normal value,3,Thousands,2,Two,,
DATAFLOW,OECD.TAD.ATM:DSD_AGR@DF_OUTLOOK_2021_2030(1.0),OECD-FAO Agricultural Outlook 2021-2030,I,OECD,OECD,A,Annual,CPC_0151T0155,Roots and tubers,AH,Area harvested,HA,Hectares,AO_2021_2030,Agricultural Outlook 2021-2030,2010,,3272.9802,,A,Normal value,3,Thousands,2,Two,,
DATAFLOW,OECD.TAD.ATM:DSD_AGR@DF_OUTLOOK_2021_2030(1.0),OECD-FAO Agricultural Outlook 2021-2030,I,OECD,OECD,A,Annual,CPC_0151T0155,Roots and tubers,AH,Area harvested,HA,Hectares,AO_2021_2030,Agricultural Outlook 2021-2030,2030,,3151.9065,,A,Normal value,3,Thousands,2,Two,,
DATAFLOW,OECD.TAD.ATM:DSD_AGR@DF_OUTLOOK_2021_2030(1.0),OECD-FAO Agricultural Outlook 2021-2030,I,OECD,OECD,A,Annual,CPC_0151T0155,Roots and tubers,AH,Area harvested,HA,Hectares,AO_2021_2030,Agricultural Outlook 2021-2030,2029,,3163.2741,,A,Normal value,3,Thousands,2,Two,,
DATAFLOW,OECD.TAD.ATM:DSD_AGR@DF_OUTLOOK_2021_2030(1.0),OECD-FAO Agricultural Outlook 2021-2030,I,OECD,OECD,A,Annual,CPC_0151T0155,Roots and tubers,AH,Area harvested,HA,Hectares,AO_2021_2030,Agricultural Outlook 2021-2030,2028,,3178.6643,,A,Normal value,3,Thousands,2,Two,,
DATAFLOW,OECD.TAD.ATM:DSD_AGR@DF_OUTLOOK_2021_2030(1.0),OECD-FAO Agricultural Outlook 2021-2030,I,OECD,OECD,A,Annual,CPC_0151T0155,Roots and tubers,AH,Area harvested,HA,Hectares,AO_2021_2030,Agricultural Outlook 2021-2030,2027,,3191.8889,,A,Normal value,3,Thousands,2,Two,,
DATAFLOW,OECD.TAD.ATM:DSD_AGR@DF_OUTLOOK_2021_2030(1.0),OECD-FAO Agricultural Outlook 2021-2030,I,OECD,OECD,A,Annual,CPC_0151T0155,Roots and tubers,AH,Area harvested,HA,Hectares,AO_2021_2030,Agricultural Outlook 2021-2030,2026,,3206.9349,,A,Normal value,3,Thousands,2,Two,,
DATAFLOW,OECD.TAD.ATM:DSD_AGR@DF_OUTLOOK_2021_2030(1.0),OECD-FAO Agricultural Outlook 2021-2030,I,OECD,OECD,A,Annual,CPC_0151T0155,Roots and tubers,AH,Area harvested,HA,Hectares,AO_2021_2030,Agricultural Outlook 2021-2030,2025,,3218.4481,,A,Normal value,3,Thousands,2,Two,,
DATAFLOW,OECD.TAD.ATM:DSD_AGR@DF_OUTLOOK_2021_2030(1.0),OECD-FAO Agricultural Outlook 2021-2030,I,OECD,OECD,A,Annual,CPC_0151T0155,Roots and tubers,AH,Area harvested,HA,Hectares,AO_2021_2030,Agricultural Outlook 2021-2030,2024,,3233.4052,,A,Normal value,3,Thousands,2,Two,,
DATAFLOW,OECD.TAD.ATM:DSD_AGR@DF_OUTLOOK_2021_2030(1.0),OECD-FAO Agricultural Outlook 2021-2030,I,OECD,OECD,A,Annual,CPC_0151T0155,Roots and tubers,AH,Area harvested,HA,Hectares,AO_2021_2030,Agricultural Outlook 2021-2030,2023,,3247.4163,,A,Normal value,3,Thousands,2,Two,,
DATAFLOW,OECD.TAD.ATM:DSD_AGR@DF_OUTLOOK_2021_2030(1.0),OECD-FAO Agricultural Outlook 2021-2030,I,OECD,OECD,A,Annual,CPC_0151T0155,Roots and tubers,AH,Area harvested,HA,Hectares,AO_2021_2030,Agricultural Outlook 2021-2030,2022,,3263.9753,,A,Normal value,3,Thousands,2,Two,,
DATAFLOW,OECD.TAD.ATM:DSD_AGR@DF_OUTLOOK_2021_2030(1.0),OECD-FAO Agricultural Outlook 2021-2030,I,OECD,OECD,A,Annual,CPC_0151T0155,Roots and tubers,AH,Area harvested,HA,Hectares,AO_2021_2030,Agricultural Outlook 2021-2030,2021,,3273.3165,,A,Normal value,3,Thousands,2,Two,,
DATAFLOW,OECD.TAD.ATM:DSD_AGR@DF_OUTLOOK_2021_2030(1.0),OECD-FAO Agricultural Outlook 2021-2030,I,OECD,OECD,A,Annual,CPC_0151T0155,Roots and tubers,AH,Area harvested,HA,Hectares,AO_2021_2030,Agricultural Outlook 2021-2030,2020,,3285.6641,,A,Normal value,3,Thousands,2,Two,,
DATAFLOW,OECD.TAD.ATM:DSD_AGR@DF_OUTLOOK_2021_2030(1.0),OECD-FAO Agricultural Outlook 2021-2030,I,ISR,Israel,A,Annual,CPC_0143,Cottonseed,AH,Area harvested,HA,Hectares,AO_2021_2030,Agricultural Outlook 2021-2030,2019,,4.43,,A,Normal value,3,Thousands,2,Two,,
DATAFLOW,OECD.TAD.ATM:DSD_AGR@DF_OUTLOOK_2021_2030(1.0),OECD-FAO Agricultural Outlook 2021-2030,I,OECD,OECD,A,Annual,CPC_0111,Wheat,AH,Area harvested,HA,Hectares,AO_2021_2030,Agricultural Outlook 2021-2030,2019,,69994.8589,,A,Normal value,3,Thousands,2,Two,,
DATAFLOW,OECD.TAD.ATM:DSD_AGR@DF_OUTLOOK_2021_2030(1.0),OECD-FAO Agricultural Outlook 2021-2030,I,ISR,Israel,A,Annual,CPC_0111,Wheat,AH,Area harvested,HA,Hectares,AO_2021_2030,Agricultural Outlook 2021-2030,2019,,41,,A,Normal value,3,Thousands,2,Two,,
DATAFLOW,OECD.TAD.ATM:DSD_AGR@DF_OUTLOOK_2021_2030(1.0),OECD-FAO Agricultural Outlook 2021-2030,I,ISR,Israel,A,Annual,CPC_0151T0155,Roots and tubers,AH,Area harvested,HA,Hectares,AO_2021_2030,Agricultural Outlook 2021-2030,2019,,16.8967,,A,Normal value,3,Thousands,2,Two,,
DATAFLOW,OECD.TAD.ATM:DSD_AGR@DF_OUTLOOK_2021_2030(1.0),OECD-FAO Agricultural Outlook 2021-2030,I,OECD,OECD,A,Annual,CPC_0143,Cottonseed,AH,Area harvested,HA,Hectares,AO_2021_2030,Agricultural Outlook 2021-2030,2019,,5888.9744,,A,Normal value,3,Thousands,2,Two,,
DATAFLOW,OECD.TAD.ATM:DSD_AGR@DF_OUTLOOK_2021_2030(1.0),OECD-FAO Agricultural Outlook 2021-2030,I,OECD,OECD,A,Annual,CPC_0151T0155,Roots and tubers,AH,Area harvested,HA,Hectares,AO_2021_2030,Agricultural Outlook 2021-2030,2019,,3298.9176,,A,Normal value,3,Thousands,2,Two,,
